Dimana lokasi Fakultas Teknik UMRAH?,alamat
lokasi,alamat
Perbedaan PKKMB univ dan Fakultas?,apaitupkkmb
Apa itu PKKMB Fakultas?,apaitupkkmb
Apa itu PKKMB?,apaitupkkmb
Bagaimana cara mendapatkan beasiswa di fakultas teknik?,beasiswa_FTTK
dekan fakultas teknik,Dekan
siapa dekan ft,Dekan
siapa dekan fakultas teknik dan teknologi kemaritiman?,Dekan
Siapa nama dekan Fakultas Teknik UMRAH?,Dekan
pakai baju apa untuk kegiatan nanti?,dresscode
dresscode pkkmb,dresscode
dresscode apa yang dipakai pada saat PKKMB nanti?,dresscode
Apa saja program studi yang tersedia di Fakultas Teknik UMRAH?,FAKULTAS_TEKNIK
Bagaimana sistem perkuliahan di Fakultas Teknik UMRAH?,FAKULTAS_TEKNIK1
Bagaimana cara memilih mata kuliah dan membuat jadwal kuliah?,FAKULTAS_TEKNIK2
Apakah kampus memiliki perpustakaan yang bisa saya akses?,fasilitas_kampus
Fasilitas apa saja yang ada dikampus?,fasilitas_kampus
Kenapa namanya Fakultas Teknik dan Teknologi (FTTK) UMRAH ?,FTTK
apa jadwal lengkap acara pkkmb,jadwal_lengkap
Apakah tersedia laboratorium atau fasilitas penelitian di Fakultas Teknik?,Laboratorium
Apa saja kegiatan organisasi yang dapat diikuti di Fakultas Teknik?,Organisasi
kontak panitia pkkmb,panitia
bagaimana saya bisa menghubungi panitia PKKMB jika ada pertanyaan?,panitia
contact panitia pkkmb,panitia
Pentingkah mengikuti PKKMB?,pentingkah_pkkmb
emang harus ikut pkkmb?,pentingkah_pkkmb
apa aja yang dibawa nanti?,persiapan
yang perlu dibawa,persiapan
apa aja yang perlu dipersiapkan untuk pkkmb nanti?,persiapan
pkkmb,pkkmb
apa itu pkkmb?,pkkmb
halo,PKKMB_FTTK_UMRAH
assalamu'alaikum,PKKMB_FTTK_UMRAH
hi,PKKMB_FTTK_UMRAH
hallo,PKKMB_FTTK_UMRAH
Bisakah beritahu saya struktur kurikulum prodi teknik elektro,struktur_prodi
,tidak_dikenali
Berapa biaya UKT di Fakultas teknik dan teknologi kemaritiman UMRAH?,UKT
waktu pkkmb,Waktu
kapan pelaksanaan pkkmb?,Waktu
jadwal pkkmb,Waktu
